City_ID,City,Country,Lat,Lng,Max Temp,Humidity,Cloudiness,Wind Speed,Current Description
0,Esperance,AU,-33.8667,121.9,72.95,72,0,18.77,clear sky
1,Ushuaia,AR,-54.8,-68.3,47.86,87,100,23.02,light rain
2,Provideniya,RU,64.3833,-173.3,-3.89,59,40,11.18,scattered clouds
3,Kodiak,US,57.79,-152.4072,33.31,69,40,3.44,scattered clouds
4,Norman Wells,CA,65.282,-126.8329,-11.16,70,100,4.61,light snow
5,Jamestown,US,42.097,-79.2353,31.01,93,100,8.05,overcast clouds
6,Carnarvon,AU,-24.8667,113.6333,83.07,50,0,17.87,clear sky
7,Taman,RU,45.2117,36.7161,31.87,75,100,31.43,overcast clouds
8,Yellowknife,CA,62.456,-114.3525,-3.48,77,75,11.5,light snow
9,Ilhabela,BR,-23.7781,-45.3581,75.52,88,32,3.51,scattered clouds
10,Shitanjing,CN,39.2342,106.3439,34.0,25,0,2.82,clear sky
11,Horsham,GB,51.064,-0.3272,38.25,90,75,1.14,fog
12,Zlocieniec,PL,53.5329,16.0113,28.89,91,27,3.65,scattered clouds
13,Guerrero Negro,MX,27.9769,-114.0611,62.83,34,57,15.73,broken clouds
14,Kirakira,SB,-10.4544,161.9205,83.48,79,100,11.81,overcast clouds
15,Seoul,KR,37.5683,126.9778,40.57,70,90,8.05,mist
16,Bluff,NZ,-46.6,168.3333,56.88,71,68,29.24,broken clouds
17,Port Elizabeth,ZA,-33.918,25.5701,72.32,93,20,17.27,few clouds
18,Bredasdorp,ZA,-34.5322,20.0403,67.3,96,76,3.02,broken clouds
19,Bilibino,RU,68.0546,166.4372,-33.47,100,99,1.59,overcast clouds
20,Bethel,US,41.3712,-73.414,35.55,66,0,6.91,clear sky
21,Porto Velho,BR,-8.7619,-63.9039,78.85,89,20,0.0,few clouds
22,Hobart,AU,-42.8794,147.3294,69.26,55,20,18.41,few clouds
23,Labuhan,ID,-6.8844,112.2051,81.52,78,100,8.3,light rain
24,Uglich,RU,57.5275,38.3317,-5.57,100,100,3.8,overcast clouds
25,Hilo,US,19.7297,-155.09,77.29,81,0,4.61,light rain
26,Mataura,NZ,-46.1927,168.8643,57.0,85,82,10.69,light rain
27,Marsa Matruh,EG,31.3525,27.2453,53.46,60,95,17.22,overcast clouds
28,Hermanus,ZA,-34.4187,19.2345,70.81,93,94,7.16,overcast clouds
29,Port Alfred,ZA,-33.5906,26.891,73.18,75,100,4.0,overcast clouds
30,Sa Kaeo,TH,13.75,102.3333,86.56,56,88,6.53,overcast clouds
31,Kapaa,US,22.0752,-159.319,80.58,83,40,13.8,scattered clouds
32,Cape Town,ZA,-33.9258,18.4232,69.91,92,100,8.99,mist
33,Taltal,CL,-25.4,-70.4833,70.83,80,9,2.62,clear sky
34,Qaanaaq,GL,77.484,-69.3632,-17.0,94,100,3.27,overcast clouds
35,Rikitea,PF,-23.1203,-134.9692,79.72,70,30,9.04,scattered clouds
36,Vilhena,BR,-12.7406,-60.1458,67.59,98,100,1.57,overcast clouds
37,New Norfolk,AU,-42.7826,147.0587,68.9,35,1,4.0,clear sky
38,La Ronge,CA,55.1001,-105.2842,5.25,85,40,0.0,scattered clouds
39,Altay,CN,47.8667,88.1167,12.69,87,77,4.41,broken clouds
40,Albany,US,42.6001,-73.9662,28.54,67,47,1.01,scattered clouds
41,Kahului,US,20.8947,-156.47,78.82,74,20,21.85,few clouds
42,Atuona,PF,-9.8,-139.0333,78.48,80,28,16.17,light rain
43,Ribeira Grande,PT,38.5167,-28.7,56.77,67,90,11.99,overcast clouds
44,Laguna,US,38.421,-121.4238,53.74,62,0,9.22,clear sky
45,Belen,TR,36.4891,36.2233,36.86,86,89,5.28,overcast clouds
46,Mirnyy,RU,62.5353,113.9611,-23.44,96,98,2.3,overcast clouds
47,Coquimbo,CL,-29.9533,-71.3436,64.13,88,100,3.44,overcast clouds
48,Punta Arenas,CL,-53.15,-70.9167,51.91,87,75,4.61,light rain
49,Tokonou,GN,9.65,-9.7833,72.16,32,78,5.91,broken clouds
50,Korla,CN,41.7597,86.1469,33.24,56,100,0.4,overcast clouds
51,Truckee,US,39.328,-120.1833,30.09,91,100,0.0,mist
52,Upernavik,GL,72.7868,-56.1549,-8.64,94,100,5.73,overcast clouds
53,Pevek,RU,69.7008,170.3133,-28.28,99,100,1.72,overcast clouds
54,Dikson,RU,73.5069,80.5464,-26.82,99,95,3.85,overcast clouds
55,Severnoye,RU,56.3491,78.3619,7.79,97,100,2.46,light snow
56,Yanam,IN,16.7333,82.2167,74.44,68,43,1.28,scattered clouds
57,Vaini,TO,-21.2,-175.2,82.56,83,75,4.61,light rain
58,Castro,BR,-24.7911,-50.0119,65.32,71,97,2.8,overcast clouds
59,Itoman,JP,26.1247,127.6694,71.98,80,40,12.66,scattered clouds
60,Kaitangata,NZ,-46.2817,169.8464,56.5,92,100,7.52,overcast clouds
61,Anito,PH,12.4497,125.2886,82.65,65,100,9.78,overcast clouds
62,Xining,CN,36.6167,101.7667,29.59,33,100,2.37,overcast clouds
63,Ballangen,NO,68.3428,16.8315,44.82,87,100,23.02,overcast clouds
64,Yarada,IN,17.65,83.2667,73.72,83,94,2.3,mist
65,Ahipara,NZ,-35.1667,173.1667,71.51,62,17,10.07,few clouds
66,Busselton,AU,-33.65,115.3333,77.59,52,52,7.25,broken clouds
67,Sitka,US,57.0531,-135.33,37.29,81,0,6.91,light rain
68,Longyearbyen,SJ,78.2186,15.6401,30.04,80,100,23.02,light snow
69,Awjilah,LY,29.1081,21.2869,50.4,56,78,8.01,broken clouds
70,Hailar,CN,49.2,119.7,0.75,94,91,7.27,overcast clouds
71,Cherkasskoye,RU,52.4333,47.2167,-0.33,97,27,5.77,scattered clouds
72,Tabas,IR,33.5959,56.9244,51.31,37,5,6.02,clear sky
73,Pacific Grove,US,36.6177,-121.9166,51.1,85,0,3.44,clear sky
74,Nikolskoye,RU,59.7035,30.7861,26.49,98,87,2.62,overcast clouds
75,Harman,RO,45.7167,25.6833,11.14,100,99,1.07,overcast clouds
76,Mar Del Plata,AR,-38.0023,-57.5575,69.1,75,0,15.99,clear sky
77,Lagoa,PT,39.05,-27.9833,55.63,63,100,21.61,overcast clouds
78,Road Town,VG,18.4167,-64.6167,75.29,74,1,19.08,clear sky
79,Mahon,ES,39.8885,4.2658,50.56,93,75,5.75,broken clouds
80,Mangrol,IN,21.1167,70.1167,68.41,74,2,7.61,clear sky
81,Clyde River,CA,70.4692,-68.5914,-30.77,75,100,3.44,overcast clouds
82,Iracoubo,GF,5.4802,-53.2011,75.63,89,81,12.35,broken clouds
83,Lebu,CL,-37.6167,-73.65,57.65,85,0,17.87,clear sky
84,Thompson,CA,55.7435,-97.8558,-3.84,77,0,9.22,clear sky
85,Toktogul,KG,41.8708,72.9402,27.16,88,94,1.61,overcast clouds
86,Waddan,LY,29.1614,16.139,45.88,66,56,8.32,broken clouds
87,Bambous Virieux,MU,-20.3428,57.7575,80.22,89,40,9.22,light rain
88,San Cristobal,VE,7.7669,-72.225,71.78,77,64,1.39,broken clouds
89,Pop,UZ,40.8736,71.1089,39.69,62,7,5.61,clear sky
90,Kununurra,AU,-15.7667,128.7333,96.78,34,78,4.61,broken clouds
91,Chuy,UY,-33.6971,-53.4616,68.13,81,2,2.64,clear sky
92,Asau,RO,46.4333,26.4,22.12,89,72,4.76,broken clouds
93,San Patricio,US,28.017,-97.5169,71.46,85,80,16.53,broken clouds
94,Santa Ines,BR,-3.6667,-45.38,73.27,97,100,3.31,overcast clouds
95,Port Lincoln,AU,-34.7333,135.8667,72.41,62,0,11.21,clear sky
96,Elda,ES,38.4778,-0.7916,44.38,89,100,5.7,overcast clouds
97,Morondava,MG,-20.2833,44.2833,77.45,84,98,14.56,overcast clouds
98,Hamilton,US,39.1834,-84.5333,42.44,65,100,11.5,overcast clouds
99,Evensk,RU,61.95,159.2333,-14.75,78,59,7.99,broken clouds
100,Khatanga,RU,71.9667,102.5,-41.87,100,81,1.5,broken clouds
101,Viransehir,TR,37.2353,39.7631,39.25,91,100,13.27,overcast clouds
102,Mnogovershinnyy,RU,53.9353,139.9242,-4.09,85,84,1.81,broken clouds
103,Buchanan,LR,5.8808,-10.0467,77.45,90,93,6.02,overcast clouds
104,Newport,GB,51.5877,-2.9984,37.94,94,96,2.06,overcast clouds
105,Nome,US,64.5011,-165.4064,3.16,78,0,0.0,clear sky
106,Puerto Ayora,EC,-0.7393,-90.3518,79.56,91,12,8.99,few clouds
107,Vardo,NO,70.3705,31.1107,35.58,87,40,31.07,scattered clouds
108,Barrow,US,71.2906,-156.7887,-14.78,84,100,6.91,overcast clouds
109,Tosya,TR,41.0155,34.0401,25.93,86,100,10.87,light snow
110,Unity,CA,52.4501,-109.1682,24.22,84,33,8.3,scattered clouds
111,Dingle,PH,10.9995,122.6711,82.38,75,97,13.15,overcast clouds
112,Jimo,CN,36.3897,120.4622,38.98,81,75,2.24,mist
113,Takapau,NZ,-40.0333,176.35,73.72,48,14,6.76,few clouds
114,Mahebourg,MU,-20.4081,57.7,80.26,89,40,9.22,light rain
115,Butaritari,KI,3.0707,172.7902,81.36,79,97,20.69,light rain
116,Ballina,AU,-28.8667,153.5667,84.02,67,49,9.75,scattered clouds
117,Sorong,ID,-0.8833,131.25,80.38,78,99,5.53,overcast clouds
118,Neiafu,TO,-18.65,-173.9833,77.68,83,100,4.61,moderate rain
119,Katsuura,JP,35.1333,140.3,56.66,56,49,8.7,scattered clouds
120,Namtsy,RU,62.7161,129.6658,-37.26,95,97,1.23,overcast clouds
121,Avera,US,33.194,-82.5271,42.31,55,2,4.29,clear sky
122,San Quintin,MX,30.4833,-115.95,56.79,74,0,7.34,clear sky
123,Quatre Cocos,MU,-20.2078,57.7625,80.1,80,47,15.55,light rain
124,Campbell River,CA,50.0163,-125.2446,48.45,93,100,14.97,overcast clouds
125,Hami,CN,42.8,93.45,33.51,47,100,3.15,overcast clouds
126,Flin Flon,CA,54.7682,-101.865,5.61,90,100,8.48,overcast clouds
127,Aljezur,PT,37.3191,-8.8033,48.13,72,0,0.4,clear sky
128,Kampene,CD,-3.6,26.6667,65.16,99,95,2.37,overcast clouds
129,Qasigiannguit,GL,68.8193,-51.1922,-1.95,98,100,6.15,overcast clouds
130,Lorengau,PG,-2.0226,147.2712,78.62,87,100,5.84,moderate rain
131,Cayenne,GF,4.9333,-52.3333,75.24,100,75,5.75,broken clouds
132,Avarua,CK,-21.2078,-159.775,84.25,79,20,11.5,few clouds
133,Goderich,CA,43.7501,-81.7165,28.72,80,74,12.66,broken clouds
134,Skibbereen,IE,51.55,-9.2667,49.1,86,100,8.86,overcast clouds
135,Conceicao Do Araguaia,BR,-8.2578,-49.2647,73.06,92,73,2.89,broken clouds
136,Walvis Bay,NA,-22.9575,14.5053,66.09,88,100,5.75,overcast clouds
137,Te Anau,NZ,-45.4167,167.7167,61.72,58,30,11.27,scattered clouds
138,Gwadar,PK,25.1216,62.3254,70.54,46,24,3.47,few clouds
139,Tiksi,RU,71.6872,128.8694,-24.93,99,100,2.91,overcast clouds
140,Lompoc,US,34.6391,-120.4579,53.53,62,0,17.0,clear sky
141,Tasiilaq,GL,65.6145,-37.6368,5.16,96,100,6.06,overcast clouds
142,Ilulissat,GL,69.2167,-51.1,-2.18,78,75,5.75,broken clouds
143,Voi,KE,-3.3945,38.563,70.2,86,100,3.09,overcast clouds
144,Portland,US,45.5234,-122.6762,48.49,88,100,10.36,overcast clouds
145,Lasa,IT,46.6166,10.7002,26.02,95,76,0.65,broken clouds
146,Georgetown,MY,5.4112,100.3354,84.13,78,20,5.75,few clouds
147,Airai,TL,-8.9266,125.4092,72.86,61,61,4.54,broken clouds
148,Maxixe,MZ,-23.8597,35.3472,74.23,90,91,5.32,moderate rain
149,Atlantic City,US,39.3643,-74.4229,39.02,71,0,8.05,clear sky
150,Tommot,RU,58.9564,126.2925,-30.64,94,84,0.45,broken clouds
151,Swidnik,PL,51.219,22.6962,24.69,93,75,9.22,broken clouds
152,Tuktoyaktuk,CA,69.4541,-133.0374,-40.0,67,100,4.61,overcast clouds
153,Saint-Philippe,RE,-21.3585,55.7679,78.39,86,89,12.3,light rain
154,Margate,GB,51.3813,1.3862,33.91,81,0,7.56,clear sky
155,Severo-Kurilsk,RU,50.6789,156.125,25.95,74,96,12.03,overcast clouds
156,Kloulklubed,PW,7.0419,134.2556,81.1,76,94,18.75,overcast clouds
157,Marzuq,YE,14.4,46.4667,59.09,17,14,6.69,few clouds
158,Umm Lajj,SA,25.0213,37.2685,65.95,53,100,14.36,overcast clouds
159,Arraial Do Cabo,BR,-22.9661,-42.0278,75.51,92,99,0.43,light rain
160,Dongkan,CN,33.9997,119.8308,50.4,53,12,5.64,few clouds
161,Saskylakh,RU,71.9167,114.0833,-36.36,100,100,1.81,overcast clouds
162,Harwich,GB,51.9419,1.2844,32.97,83,2,2.35,clear sky
163,Mahibadhoo,MV,3.7833,72.9667,80.58,72,83,9.82,broken clouds
164,Hirara,JP,24.8,125.2833,73.67,73,40,9.22,scattered clouds
165,Tilichiki,RU,60.4667,166.1,-17.66,90,35,8.81,scattered clouds
166,Yaqui,MX,27.3667,-110.1667,64.94,40,98,17.34,overcast clouds
167,Mitu,CO,1.1983,-70.1733,71.26,98,54,2.42,broken clouds
168,North Bend,US,43.4065,-124.2243,44.92,93,0,5.75,clear sky
169,Saint George,US,37.1041,-113.5841,45.43,48,0,17.27,clear sky
170,Faanui,PF,-16.4833,-151.75,81.27,76,7,13.82,clear sky
171,Passo Fundo,BR,-28.2628,-52.4067,63.3,71,0,6.33,clear sky
172,Alyangula,AU,-13.8483,136.4192,86.86,53,54,4.03,broken clouds
173,Sinnamary,GF,5.3833,-52.95,75.72,89,93,12.3,overcast clouds
174,Benalla,AU,-36.55,145.9833,83.86,19,0,5.48,clear sky
175,Klaksvik,FO,62.2266,-6.589,43.72,63,30,25.97,scattered clouds
176,Gryazovets,RU,58.88,40.2525,-6.23,100,100,4.72,overcast clouds
177,Srednekolymsk,RU,67.45,153.6833,-32.84,97,94,5.95,overcast clouds
178,Isangel,VU,-19.55,169.2667,86.11,79,100,3.44,moderate rain
179,Pangkalanbuun,ID,-2.6833,111.6167,88.16,54,100,5.19,overcast clouds
180,Shizunai,JP,42.3339,142.3669,30.49,60,7,10.09,clear sky
181,Huilong,CN,31.8111,121.655,45.39,77,100,8.23,overcast clouds
182,Manzhouli,CN,49.6,117.4333,3.88,91,36,10.2,scattered clouds
183,Les Cayes,HT,18.2,-73.75,73.44,82,2,4.79,clear sky
184,Marsh Harbour,BS,26.5412,-77.0636,70.99,64,7,13.6,clear sky
185,Lata,PT,40.1629,-8.3327,46.08,71,0,6.67,clear sky
186,Freetown,SL,8.484,-13.2299,78.51,78,75,8.05,broken clouds
187,Yenagoa,NG,4.9247,6.2642,77.14,89,39,3.69,scattered clouds
188,Vallenar,CL,-28.5708,-70.7581,69.85,67,3,4.12,clear sky
189,Ugoofaaru,MV,5.6667,73.0,80.64,75,91,10.54,overcast clouds
190,Den Helder,NL,52.9599,4.7593,34.99,93,1,5.01,mist
191,Skjervoy,NO,70.0311,20.9714,53.6,90,100,15.1,light rain
192,Machali,CL,-34.1833,-70.6667,70.02,44,0,1.61,clear sky
193,Domvraina,GR,38.25,22.9833,36.37,96,100,6.6,snow
194,Ellensburg,US,46.9965,-120.5479,40.64,79,0,12.66,clear sky
195,Touros,BR,-5.1989,-35.4608,79.41,74,39,11.99,scattered clouds
196,Grand Gaube,MU,-20.0064,57.6608,80.38,76,16,8.01,few clouds
197,East London,ZA,-33.0153,27.9116,70.74,94,0,2.3,clear sky
198,Mandalgovi,MN,45.7625,106.2708,12.06,57,25,6.8,scattered clouds
199,Cherskiy,RU,68.75,161.3,-33.2,99,100,3.96,overcast clouds
200,Chapais,CA,49.7834,-74.8492,-0.62,94,54,6.11,broken clouds
201,Ferrol,ES,43.4832,-8.2369,45.68,75,0,11.52,clear sky
202,Oriximina,BR,-1.7656,-55.8661,73.6,94,56,2.64,broken clouds
203,Bogotol,RU,56.2078,89.5342,6.8,87,100,6.08,overcast clouds
204,Panzhihua,CN,26.5851,101.7128,61.86,35,0,0.18,clear sky
205,Faya,SA,18.3851,42.4509,50.11,61,69,3.91,broken clouds
206,Perth,AU,-31.9333,115.8333,83.03,52,40,8.05,scattered clouds
207,Petropavlovka,RU,50.6114,105.3196,4.78,88,42,3.8,scattered clouds
208,Olafsvik,IS,64.8945,-23.7142,32.47,61,94,29.97,light snow
209,Ancud,CL,-41.8697,-73.8203,52.27,90,0,2.19,clear sky
210,Belaya Gora,RU,68.5333,146.4167,-22.7,98,99,2.24,overcast clouds
211,Pisco,PE,-13.7,-76.2167,73.45,94,6,8.05,clear sky
212,Tokat,TR,40.4167,36.5833,18.1,95,100,9.64,light snow
213,Namibe,AO,-15.1961,12.1522,69.73,81,96,4.5,overcast clouds
214,Leningradskiy,RU,69.3833,178.4167,-23.19,97,100,9.26,overcast clouds
215,Ambon,ID,-3.6954,128.1814,89.74,58,20,16.11,few clouds
216,Anadyr,RU,64.75,177.4833,-12.5,75,75,11.18,light snow
217,Penzance,GB,50.1186,-5.5371,36.28,77,40,8.43,scattered clouds
218,Kingman,US,35.1894,-114.053,51.26,35,0,18.41,clear sky
219,Kruisfontein,ZA,-34.0033,24.7314,69.89,95,19,9.71,few clouds
220,Osmanabad,IN,18.1667,76.05,72.23,32,58,11.27,broken clouds
221,Misawa,JP,40.6836,141.3597,36.97,74,40,6.11,scattered clouds
222,Souillac,MU,-20.5167,57.5167,79.18,89,40,9.22,scattered clouds
223,Semey,KZ,50.4111,80.2275,17.82,86,40,4.47,scattered clouds
224,Sola,VU,-13.8833,167.55,86.67,70,75,2.3,light rain
225,Tabou,CI,4.423,-7.3528,77.95,86,93,5.55,overcast clouds
226,Westport,US,41.1415,-73.3579,37.56,64,0,13.8,clear sky
227,Narsaq,GL,60.9167,-46.05,-0.18,64,23,8.41,few clouds
228,Skowhegan,US,44.7651,-69.7192,23.45,62,100,8.14,overcast clouds
229,Harper,LR,4.375,-7.7169,78.42,85,86,6.24,overcast clouds
230,Kilrush,IE,52.6397,-9.4833,46.15,91,100,8.57,overcast clouds
231,Yar-Sale,RU,66.8333,70.8333,-9.24,100,90,6.42,overcast clouds
232,Anloga,GH,5.7947,0.8973,80.13,84,89,13.73,overcast clouds
233,Zhengjiatun,CN,43.5064,123.5064,20.73,39,82,4.94,broken clouds
234,Zeya,RU,53.75,127.2667,-8.03,63,10,4.36,clear sky
235,Ponta Do Sol,PT,32.6667,-17.1,59.63,64,33,8.03,scattered clouds
236,Wewak,PG,-3.5534,143.6268,83.91,75,100,9.06,overcast clouds
237,Bandon,IE,51.7469,-8.7425,44.19,93,100,5.39,overcast clouds
238,Broome,US,42.2506,-75.833,28.71,82,100,8.05,overcast clouds
239,Liverpool,GB,53.4106,-2.9779,38.82,89,0,8.05,clear sky
240,Ichinohe,JP,40.2069,141.3017,40.01,57,34,5.3,scattered clouds
241,Huarmey,PE,-10.0681,-78.1522,72.21,83,47,6.02,scattered clouds
242,Buala,SB,-8.145,159.5921,84.7,71,98,10.54,light rain
243,Freeport,US,40.6576,-73.5832,39.16,69,0,18.41,clear sky
244,Oktyabrskoye,RU,43.0645,44.7417,19.54,100,100,6.71,overcast clouds
245,Tiassale,CI,5.8983,-4.8283,76.93,88,99,3.18,overcast clouds
246,Samana,DO,19.2056,-69.3369,73.22,88,9,6.71,clear sky
247,Pasighat,IN,28.0667,95.3333,65.25,61,100,0.2,overcast clouds
248,Gravdal,NO,68.1214,13.5031,44.26,87,100,45.99,light rain
249,Hasaki,JP,35.7333,140.8333,59.4,54,73,7.11,broken clouds
250,Talara,PE,-4.5772,-81.2719,77.76,65,0,10.36,clear sky
251,Benghazi,LY,32.1167,20.0667,54.48,56,91,18.1,overcast clouds
252,Isla Vista,US,34.4133,-119.861,57.09,52,0,8.05,clear sky
253,Alta Floresta,BR,-9.8756,-56.0861,70.84,97,90,0.78,overcast clouds
254,Tautira,PF,-17.7333,-149.15,80.06,75,30,12.1,scattered clouds
255,Siruguppa,IN,15.6333,76.9,75.36,51,60,5.73,broken clouds
256,Mezen,RU,65.8522,44.24,3.16,98,99,8.88,overcast clouds
257,Parnu,EE,58.3859,24.4971,24.89,93,100,2.3,overcast clouds
258,Tuatapere,NZ,-46.1333,167.6833,55.0,84,64,12.24,broken clouds
259,Cabinda,AO,-5.55,12.2,77.72,88,75,3.13,light rain
260,Chokurdakh,RU,70.6333,147.9167,-32.37,100,96,2.98,overcast clouds
261,Beloha,MG,-25.1667,45.05,71.65,90,100,7.92,overcast clouds
262,Blyth,GB,55.1271,-1.5086,40.26,86,100,2.3,overcast clouds
263,Codrington,AU,-38.2667,141.9667,65.97,60,35,12.37,scattered clouds
264,Rocha,UY,-34.4833,-54.3333,67.24,97,6,2.64,clear sky
265,Nakasongola,UG,1.3089,32.4564,66.16,66,37,3.27,scattered clouds
266,Salalah,OM,17.0151,54.0924,69.89,73,20,3.44,few clouds
267,Jasper,US,37.2001,-94.3502,61.0,74,20,12.66,few clouds
268,Samarai,PG,-10.6167,150.6667,80.35,80,100,11.52,light rain
269,Hovd,MN,48.0056,91.6419,3.72,83,23,0.67,few clouds
270,Minas,UY,-34.3759,-55.2377,66.78,89,1,5.93,clear sky
271,Lovozero,RU,68.005,35.0117,26.28,87,100,5.95,overcast clouds
272,Miri,MY,4.4148,114.0089,84.34,74,40,8.05,scattered clouds
273,Pokhara,NP,28.2333,83.9833,61.0,47,61,2.73,broken clouds
274,Flinders,AU,-34.5833,150.8552,74.25,81,71,2.48,broken clouds
275,Hithadhoo,MV,-0.6,73.0833,81.75,67,99,9.69,overcast clouds
276,Mbekenyera,TZ,-10.0,38.9833,70.11,99,100,1.79,moderate rain
277,Presidencia Roque Saenz Pena,AR,-26.7852,-60.4388,82.33,29,74,3.62,broken clouds
278,Derzhavinsk,KZ,51.1,66.3167,-3.75,100,88,5.48,overcast clouds
279,Talaya,RU,61.3833,152.75,-29.33,95,100,3.44,overcast clouds
280,Smidovich,RU,48.6,133.8167,1.94,91,55,6.42,broken clouds
281,Ipojuca,BR,-8.3989,-35.0639,78.71,70,86,6.58,overcast clouds
282,Cidreira,BR,-30.1811,-50.2056,73.56,77,0,8.41,clear sky
283,Vitoria Da Conquista,BR,-14.8661,-40.8394,63.55,82,0,3.58,clear sky
284,Chulman,RU,56.8479,124.9104,-31.14,95,98,1.36,overcast clouds
285,Victoria,HK,22.2855,114.1577,73.45,81,39,5.01,scattered clouds
286,Ngozi,BI,-2.9075,29.8306,53.26,92,89,1.01,light rain
287,Kavieng,PG,-2.5744,150.7967,82.8,75,85,6.35,moderate rain
288,Ladario,BR,-19.0047,-57.6017,72.57,97,100,3.18,overcast clouds
289,Saint-Georges,GD,12.0564,-61.7485,76.68,88,20,18.41,few clouds
290,Uyuni,BO,-20.4597,-66.825,51.22,63,100,7.07,overcast clouds
291,Honningsvag,NO,70.9821,25.9704,44.35,76,75,18.41,light rain
292,Mount Gambier,AU,-37.8333,140.7667,71.71,48,7,9.53,clear sky
293,Gerede,TR,40.8008,32.1969,17.74,98,100,5.73,snow
294,Diplo,PK,24.4667,69.584,67.8,20,1,5.73,clear sky
295,Homer,US,59.6425,-151.5483,33.67,91,100,5.75,light snow
296,Garden City,US,42.3256,-83.331,32.9,83,100,12.66,overcast clouds
297,Luderitz,NA,-26.6481,15.1594,64.54,87,15,13.29,few clouds
298,Saint-Leu,RE,-21.15,55.2833,77.86,75,73,3.33,broken clouds
299,Kendari,ID,-3.945,122.4989,87.96,60,87,3.09,overcast clouds
300,Kovdor,RU,67.5662,30.4758,30.2,97,100,8.95,light snow
301,Zhezkazgan,KZ,47.8043,67.7144,-9.42,84,40,2.24,mist
302,Caravelas,BR,-17.7125,-39.2481,76.95,90,0,7.4,clear sky
303,Iqaluit,CA,63.7506,-68.5145,-31.27,66,0,0.0,clear sky
304,Parkes,AU,-33.1333,148.1833,96.35,21,0,8.41,clear sky
305,Mayo,US,38.8876,-76.5119,42.15,70,0,4.61,clear sky
306,Baruun-Urt,MN,46.6806,113.2792,4.87,76,2,7.02,clear sky
307,Huejuquilla El Alto,MX,22.6,-103.8667,56.77,41,2,4.74,clear sky
308,Bassano,CA,50.7834,-112.4685,37.89,75,45,9.15,scattered clouds
309,Havre-Saint-Pierre,CA,50.2334,-63.5986,8.6,77,0,4.61,clear sky
310,Port Macquarie,AU,-31.4333,152.9167,79.9,61,16,11.21,few clouds
311,Grand Forks,US,47.9417,-97.4337,31.73,80,0,17.27,clear sky
312,Yaan,NG,7.3833,8.5667,76.26,46,61,4.92,broken clouds
313,Vila Velha,BR,-20.3297,-40.2925,76.95,90,0,0.0,clear sky
314,Laje,BR,-10.1833,-40.9667,72.18,73,66,2.91,broken clouds
315,Inhambane,MZ,-23.865,35.3833,75.33,88,89,6.49,moderate rain
316,Ambulu,ID,-8.345,113.6058,83.55,70,99,6.4,overcast clouds
317,Tambun,ID,-6.2641,107.0712,91.04,66,40,3.44,scattered clouds
318,Krasnoselkup,RU,65.7,82.4667,1.53,97,100,5.06,light snow
319,Naze,JP,28.3667,129.4833,70.72,81,59,13.96,broken clouds
320,Kamien Pomorski,PL,53.9685,14.7726,24.96,83,14,6.53,few clouds
321,Bathsheba,BB,13.2167,-59.5167,79.41,73,40,18.41,scattered clouds
322,Moro,PK,26.6646,68.0016,64.51,25,1,1.68,clear sky
323,Ajaccio,FR,42.0,8.9167,39.25,75,100,3.44,overcast clouds
324,Port Hardy,CA,50.6996,-127.4199,46.58,93,100,10.36,moderate rain
325,Coihaique,CL,-45.5752,-72.0662,54.21,62,0,1.14,clear sky
326,Pinotepa Nacional,MX,16.3167,-98.0167,71.29,83,1,1.77,clear sky
327,Tateyama,JP,34.9833,139.8667,57.09,55,50,9.31,scattered clouds
328,Barcelos,PT,41.5388,-8.6151,49.84,66,0,7.27,clear sky
329,Griffith,US,41.5284,-87.4237,42.06,68,0,16.11,clear sky
330,Great Bend,US,38.3645,-98.7648,42.04,69,0,14.97,clear sky
331,Sambava,MG,-14.2667,50.1667,74.57,89,100,5.64,overcast clouds
332,Motatei,RO,44.0833,23.2,27.61,64,11,4.79,few clouds
333,Huadian,CN,42.9633,126.7478,16.09,77,22,2.51,few clouds
334,Thenzawl,IN,23.3167,92.75,65.3,35,0,1.92,clear sky
335,Daru,PG,-9.0763,143.2092,78.4,87,100,11.74,light rain
336,Dzaoudzi,YT,-12.7887,45.2699,76.89,94,0,3.44,light rain
337,Yagodnoye,RU,62.55,149.6667,-26.9,98,99,2.13,overcast clouds
338,Adrar,MR,20.5022,-10.0711,59.02,26,8,9.48,clear sky
339,Meadow Lake,US,34.8014,-106.5436,41.29,34,85,11.1,overcast clouds
340,Sao Joao Da Barra,BR,-21.6403,-41.0511,75.18,94,100,3.65,overcast clouds
341,Nuevo Casas Grandes,MX,30.4167,-107.9167,51.73,25,0,19.22,clear sky
342,Deputatskiy,RU,69.3,139.9,-30.5,97,100,3.8,overcast clouds
343,Imbituba,BR,-28.24,-48.6703,70.61,87,17,3.22,few clouds
344,Carballo,ES,43.213,-8.691,44.87,81,0,3.78,clear sky
345,Amur,RU,54.0,128.0,-16.51,76,4,6.46,clear sky
346,Wanning,CN,18.8003,110.3967,77.54,76,35,7.85,scattered clouds
347,Borogontsy,RU,62.6683,131.1683,-34.08,95,100,2.33,overcast clouds
348,Vanavara,RU,60.34,102.2797,-13.49,100,100,1.97,overcast clouds
349,Tubuala,PA,9.5167,-79.0333,78.66,86,52,14.85,light rain
350,Gurupi,BR,-11.7292,-49.0686,72.75,89,71,1.81,broken clouds
351,Aberdeen,GB,57.1437,-2.0981,42.66,94,95,6.91,overcast clouds
352,Coahuayana,MX,18.7333,-103.6833,70.68,92,56,3.2,broken clouds
353,Vila,PT,42.0304,-8.1588,40.08,58,0,5.91,clear sky
354,Santa Lucia,ES,27.9117,-15.5407,51.12,72,75,11.5,broken clouds
355,Inta,RU,66.0317,60.1659,-8.86,99,84,8.14,broken clouds
356,Valdivia,CL,-39.8142,-73.2459,59.09,60,0,2.73,clear sky
357,Vestmanna,FO,62.1564,-7.1664,41.92,61,75,14.97,broken clouds
358,Bandar-E Lengeh,IR,26.5579,54.8807,62.71,88,8,6.91,mist
359,Maceio,BR,-9.6658,-35.7353,72.84,100,20,3.44,few clouds
360,Kavaratti,IN,10.5669,72.642,80.35,73,100,12.88,overcast clouds
361,Porto Torres,IT,40.835,8.3972,42.98,84,100,15.68,overcast clouds
362,Menongue,AO,-14.6585,17.691,63.32,93,100,6.17,overcast clouds
363,Yumen,CN,40.2833,97.2,30.27,42,44,16.06,scattered clouds
364,Roma,US,43.2128,-75.4557,24.96,84,0,3.44,clear sky
365,Sabang,ID,5.8933,95.3214,80.87,74,50,8.28,scattered clouds
366,Leh,IN,34.1667,77.5833,2.16,83,92,1.72,overcast clouds
367,Brownsville,US,25.9018,-97.4975,71.6,86,100,19.57,overcast clouds
368,Port Blair,IN,11.6667,92.75,82.44,78,75,9.22,mist
369,Mozaceni,RO,44.5667,25.1667,24.31,80,10,5.79,clear sky
370,Revda,RU,56.801,59.9303,9.07,98,100,2.37,overcast clouds
371,Puerto Madryn,AR,-42.7692,-65.0385,71.6,58,89,18.61,overcast clouds
372,Gushikawa,JP,26.3544,127.8686,71.19,79,40,12.66,scattered clouds
373,Viedma,AR,-40.8135,-62.9967,67.1,57,3,15.77,clear sky
374,Bonavista,CA,48.6499,-53.1147,24.3,92,100,18.34,light snow
375,Hukuntsi,BW,-24.0,21.75,73.04,64,97,1.43,overcast clouds
376,Takoradi,GH,4.8845,-1.7554,77.99,88,35,5.44,scattered clouds
377,High Level,CA,58.5169,-117.136,10.51,79,100,2.3,light snow
378,Pskov,RU,57.8136,28.3496,28.31,93,100,2.24,overcast clouds
379,Rafai,CF,4.95,23.9167,66.94,31,5,1.72,clear sky
380,Alva,GB,56.1528,-3.8051,46.26,88,100,1.99,overcast clouds
381,Chalmette,US,29.9427,-89.9634,63.0,81,75,10.36,broken clouds
382,Sheboygan,US,43.7333,-87.9334,37.98,79,20,17.27,few clouds
383,Smithers,CA,54.7804,-127.1743,30.52,93,40,0.0,scattered clouds
384,Ponta Delgada,PT,37.7333,-25.6667,56.12,94,75,23.02,light intensity shower rain
385,Orlik,RU,52.5178,99.825,-8.45,92,61,1.59,broken clouds
386,Imeni Poliny Osipenko,RU,52.4201,136.4853,-5.13,89,100,3.15,overcast clouds
387,Erdenet,MN,49.0333,104.0833,3.7,89,18,3.65,few clouds
388,Gat,IL,31.61,34.7642,50.68,100,100,23.96,light rain
389,Colborne,CA,44.0001,-77.8828,26.26,89,30,8.23,scattered clouds
390,Kampong Thum,KH,12.7111,104.8887,87.6,51,26,8.34,scattered clouds
391,Varhaug,NO,58.6147,5.6457,42.89,91,91,11.16,overcast clouds
392,Karratha,AU,-20.7377,116.8463,94.42,40,7,8.12,clear sky
393,Shimoda,JP,34.6667,138.95,55.76,53,56,10.94,broken clouds
394,Zhigansk,RU,66.7697,123.3711,-47.76,97,72,2.19,broken clouds
395,Salta,AR,-24.7859,-65.4117,68.59,84,0,4.61,clear sky
396,Port-Cartier,CA,50.0334,-66.8654,6.48,92,8,7.99,clear sky
397,Harbour Breton,CA,47.4833,-55.7983,25.34,85,100,15.82,overcast clouds
398,Kandrian,PG,-6.2167,149.55,80.46,87,100,5.08,light rain
399,Bang Saphan,TH,11.2126,99.5117,84.92,58,67,4.63,broken clouds
400,Villeneuve-Sur-Lot,FR,44.5,0.6667,26.65,87,1,6.29,clear sky
401,Kobryn,BY,52.2138,24.3564,29.5,94,100,8.72,overcast clouds
402,Matsuura,JP,33.3271,129.721,48.88,90,100,10.49,overcast clouds
403,Pangody,RU,65.85,74.4859,-18.13,100,97,5.32,overcast clouds
404,Wahpeton,US,46.2652,-96.6059,33.82,86,100,16.11,overcast clouds
405,Yamada,JP,39.4667,141.95,43.52,62,36,3.87,scattered clouds
406,Kieta,PG,-6.2167,155.6333,83.12,73,100,6.64,light rain
407,Pacifica,US,37.6138,-122.4869,53.82,76,75,11.5,broken clouds
408,Lavrentiya,RU,65.5833,-171.0,-15.34,89,74,7.18,broken clouds
409,Manadhoo,MV,5.7667,73.3833,80.6,74,85,11.77,overcast clouds
410,Rawson,AR,-43.3002,-65.1023,69.44,60,98,11.16,overcast clouds
411,Novyy Svit,UA,47.8059,38.0211,19.22,74,88,15.21,overcast clouds
412,Maryville,US,35.7565,-83.9705,48.09,62,75,1.99,broken clouds
413,Dargaville,NZ,-35.9333,173.8833,71.98,61,43,9.15,scattered clouds
414,Perbaungan,ID,3.5679,98.956,82.51,80,92,4.29,overcast clouds
415,Manokwari,ID,-0.8667,134.0833,80.69,84,90,11.34,overcast clouds
416,Meulaboh,ID,4.1363,96.1285,80.71,74,59,3.69,broken clouds
417,Biak,ID,-0.9131,122.8766,84.52,63,96,1.32,overcast clouds
418,Nanortalik,GL,60.1432,-45.2371,4.69,85,100,11.14,light snow
419,Bengkulu,ID,-3.8004,102.2655,81.95,67,89,7.67,overcast clouds
420,Los Gatos,US,37.2266,-121.9747,52.88,70,20,9.22,few clouds
421,Igarka,RU,67.4667,86.5833,-4.56,99,100,7.38,overcast clouds
422,Conselheiro Pena,BR,-19.1722,-41.4722,76.42,79,100,3.8,overcast clouds
423,Araripina,BR,-7.5761,-40.4983,71.49,74,97,3.56,overcast clouds
424,Nizhnevartovsk,RU,60.9344,76.5531,1.42,92,100,2.24,overcast clouds
425,Sioux Lookout,CA,50.1001,-91.917,30.27,93,100,11.5,snow
426,Mvuma,ZW,-19.2792,30.5283,59.59,67,5,5.41,clear sky
427,Garowe,SO,8.4054,48.4845,64.18,92,86,7.61,overcast clouds
428,Ostrovnoy,RU,68.0531,39.5131,26.06,83,100,32.14,overcast clouds
429,Punta Alta,AR,-38.8759,-62.0736,71.55,53,91,20.47,overcast clouds
430,Ha Giang,VN,22.8333,104.9833,70.59,95,99,3.42,overcast clouds
431,Yaransk,RU,57.3033,47.8861,-11.63,100,100,3.69,overcast clouds
432,Camana,PE,-16.6228,-72.7111,75.79,85,95,7.65,overcast clouds
433,Eltham,NZ,-39.4292,174.3,72.68,52,15,10.2,few clouds
434,Yerofey Pavlovich,RU,53.9667,121.9667,-2.94,79,22,2.39,few clouds
435,Mtambile,TZ,-5.3833,39.7,78.87,78,100,11.56,overcast clouds
436,Staroaleyskoye,RU,51.0061,82.0,20.3,95,100,4.56,light snow
437,Banda Aceh,ID,5.5577,95.3222,81.54,74,93,3.29,overcast clouds
438,Tucuman,AR,-26.8241,-65.2226,73.4,78,0,8.05,clear sky
439,Atar,MR,20.5169,-13.0499,58.64,30,0,10.16,clear sky
440,Tomatlan,MX,19.9333,-105.25,65.5,86,34,1.01,scattered clouds
441,Cockburn Town,TC,21.4612,-71.1419,78.15,76,3,16.44,clear sky
442,Payakumbuh,ID,-0.2202,100.6308,82.29,54,97,2.15,overcast clouds
443,Praia Da Vitoria,PT,38.7333,-27.0667,55.65,82,75,23.35,broken clouds
444,Kalanchak,UA,46.2562,33.2907,24.91,73,28,16.42,scattered clouds
445,Bridlington,GB,54.0831,-0.1919,37.53,83,100,9.69,overcast clouds
446,Luganville,VU,-15.5333,167.1667,79.41,83,100,2.42,moderate rain
447,Pangnirtung,CA,66.1451,-65.7125,-34.78,92,83,4.88,broken clouds
448,Baykit,RU,61.67,96.37,-14.55,100,94,1.48,overcast clouds
449,Husavik,IS,66.0449,-17.3389,29.16,59,40,20.2,scattered clouds
450,Zihuatanejo,MX,17.6333,-101.55,78.89,65,0,0.0,clear sky
451,Comodoro Rivadavia,AR,-45.8667,-67.5,62.46,45,0,2.3,clear sky
452,Yarovoye,RU,52.9273,78.58,-10.12,100,82,4.56,broken clouds
453,Eyrarbakki,IS,63.863,-21.1481,30.25,87,95,32.68,snow
454,Athabasca,CA,54.7169,-113.2854,36.01,80,98,11.34,overcast clouds
455,Haines Junction,CA,60.7522,-137.5108,24.75,63,100,4.61,overcast clouds
456,Verkhnevilyuysk,RU,63.4453,120.3167,-30.1,97,98,0.47,overcast clouds
457,Havoysund,NO,70.9963,24.6622,44.83,93,100,43.31,light rain
458,Cape Canaveral,US,28.4058,-80.6048,66.99,81,0,9.22,clear sky
459,Villazon,BO,-22.0866,-65.5942,49.46,71,100,8.75,overcast clouds
460,Sahuaripa,MX,29.05,-109.2333,58.35,28,69,3.94,broken clouds
461,Port-Gentil,GA,-0.7193,8.7815,80.37,80,43,9.53,scattered clouds
462,Padang,ID,-0.9492,100.3543,86.05,63,54,3.65,broken clouds
463,Santiago Del Estero,AR,-27.7951,-64.2615,80.6,34,0,5.5,clear sky
464,Porto Novo,BJ,6.4965,2.6036,78.75,88,100,5.75,overcast clouds
465,Nyurba,RU,63.2842,118.3319,-32.91,98,98,0.22,overcast clouds
466,Nipawin,CA,53.3668,-104.0009,10.44,78,0,3.44,clear sky
467,Miandrivazo,MG,-19.5167,45.4667,75.07,92,100,4.36,light rain
468,Xiamen,CN,24.4798,118.0819,62.65,88,75,4.47,broken clouds
469,Nioro,GM,13.35,-15.75,69.17,28,0,9.75,clear sky
470,Los Llanos De Aridane,ES,28.6585,-17.9182,56.95,72,40,13.8,scattered clouds
471,Nemencine,LT,54.85,25.4833,30.72,87,100,8.68,overcast clouds
472,Cruzeiro,BR,-22.5761,-44.9628,69.22,97,100,1.86,overcast clouds
473,Mackay,AU,-21.15,149.2,82.62,82,38,18.25,scattered clouds
474,Pareora,NZ,-44.4871,171.2132,84.18,13,3,13.33,clear sky
475,Kaeo,NZ,-35.1,173.7833,78.33,75,26,5.73,scattered clouds
476,Vila Franca Do Campo,PT,37.7167,-25.4333,55.81,90,99,14.9,overcast clouds
477,Bardiyah,LY,31.7561,25.0865,49.95,73,61,12.06,light rain
478,Tiznit,MA,29.5833,-9.5,46.63,77,6,1.21,clear sky
479,Nzega,RW,-2.479,29.5564,53.74,82,100,4.74,overcast clouds
480,Todos Santos,MX,23.45,-110.2167,64.31,88,10,6.85,clear sky
481,Honiara,SB,-9.4333,159.95,85.1,69,93,8.57,overcast clouds
482,Maruim,BR,-10.7375,-37.0817,80.56,84,100,5.73,overcast clouds
483,San Rafael,AR,-34.6177,-68.3301,79.11,24,0,5.06,clear sky
484,Marataizes,BR,-21.0433,-40.8244,74.23,93,100,6.17,overcast clouds
485,Takaka,NZ,-40.85,172.8,73.56,40,2,3.38,clear sky
486,Tazmalt,DZ,36.3868,4.3989,48.63,70,99,2.21,overcast clouds
487,Hambantota,LK,6.1241,81.1185,80.94,94,20,5.75,few clouds
488,Yushala,RU,57.0761,64.2601,11.97,95,100,5.32,overcast clouds
489,Hun,LY,29.1268,15.9477,45.91,63,58,8.14,broken clouds
490,Turayf,SA,31.6725,38.6637,41.25,60,75,16.11,broken clouds
491,Rodrigues Alves,BR,-7.738,-72.6509,69.84,98,94,0.67,overcast clouds
492,Magistralnyy,RU,56.1725,107.4458,10.15,84,100,2.82,overcast clouds
493,Qaqortoq,GL,60.7167,-46.0333,-13.65,69,29,9.19,scattered clouds
494,Shahrud,IR,36.4182,54.9763,36.3,45,5,4.43,clear sky
495,Killybegs,IE,54.6333,-8.45,45.3,92,100,10.2,overcast clouds
496,Bayangol,RU,50.6977,103.4656,3.61,86,28,1.97,scattered clouds
497,Basse-Pointe,MQ,14.8695,-61.115,75.85,64,98,17.94,overcast clouds
498,Galeana,MX,24.8333,-100.0667,55.94,36,2,4.03,clear sky
499,Oistins,BB,13.0667,-59.5333,78.89,73,40,18.41,scattered clouds
500,Bintulu,MY,3.1667,113.0333,81.01,78,20,4.61,few clouds
501,Hofn,IS,64.2539,-15.2082,37.02,52,46,30.87,scattered clouds
502,Sao Filipe,CV,14.8961,-24.4956,67.77,65,29,17.36,scattered clouds
503,Buritizeiro,BR,-17.3511,-44.9622,71.04,83,87,2.01,overcast clouds
504,Nagato,JP,34.3833,131.2,48.6,79,100,6.44,overcast clouds
505,Tiarei,PF,-17.5333,-149.3333,84.22,77,30,14.65,scattered clouds
506,Aksarka,RU,66.5606,67.7975,-17.39,100,69,5.53,broken clouds
507,Rio De Oro,CO,8.2919,-73.3849,65.26,79,51,5.95,broken clouds
508,Tecoanapa,MX,16.5167,-98.75,77.09,75,1,5.14,clear sky
509,Morgan City,US,29.6994,-91.2068,61.0,82,0,3.44,haze
510,Vedea,RO,43.7833,25.7833,26.2,66,32,4.18,scattered clouds
511,Mount Isa,AU,-20.7333,139.5,85.77,62,85,12.66,overcast clouds
512,Khudumelapye,BW,-23.8833,24.75,73.13,57,59,5.26,broken clouds
513,Alenquer,BR,-1.9417,-54.7383,73.42,95,53,3.2,broken clouds
514,Vandra,EE,58.6481,25.0361,24.46,97,100,2.64,overcast clouds
515,Filingue,NE,14.3521,3.3168,75.96,15,100,12.35,overcast clouds
516,Sosnovskoye,RU,55.8052,43.167,-1.89,100,100,1.99,overcast clouds
517,Ostersund,SE,63.1792,14.6357,36.05,69,100,13.8,overcast clouds
518,Tazovskiy,RU,67.4667,78.7,-19.75,100,100,4.65,overcast clouds
519,Nabire,ID,-3.3667,135.4833,79.12,78,100,0.98,overcast clouds
520,Hervey Bay,AU,-25.2986,152.8535,80.47,58,30,20.56,scattered clouds
521,Hagerstown,US,39.6418,-77.72,36.48,80,0,1.01,clear sky
522,Ouesso,CG,1.6136,16.0517,74.21,57,73,1.92,broken clouds
523,Sukhobezvodnoye,RU,57.0491,44.8891,-2.09,100,100,2.3,overcast clouds
524,Correntina,BR,-13.3433,-44.6367,70.05,77,2,1.39,clear sky
525,Sri Aman,MY,1.2376,111.4621,82.45,78,20,0.0,few clouds
526,Nago,JP,26.5881,127.9761,72.03,79,43,13.91,scattered clouds
527,Aykhal,RU,66.0,111.5,-27.11,97,99,3.27,overcast clouds
528,Coruripe,BR,-10.1256,-36.1756,76.96,77,89,9.26,overcast clouds
529,Berlevag,NO,70.8578,29.0864,39.2,75,100,27.63,overcast clouds
530,Cumana,VE,10.4635,-64.1775,75.04,87,100,12.17,overcast clouds
531,Henties Bay,NA,-22.116,14.2845,64.18,90,82,4.03,broken clouds
532,Paka,MY,4.6374,103.4368,82.33,78,20,3.44,few clouds
533,Kalmunai,LK,7.4167,81.8167,79.34,80,37,6.22,scattered clouds
534,Christchurch,NZ,-43.5333,172.6333,85.32,37,0,8.05,clear sky
535,Maputo,MZ,-25.9653,32.5892,71.58,95,57,8.1,light rain
536,Lafiagi,NG,8.8667,5.4167,80.38,33,88,2.19,overcast clouds
537,Kuching,MY,1.55,110.3333,85.24,78,40,3.44,scattered clouds
538,Port Lavaca,US,28.615,-96.6261,66.31,91,89,13.51,overcast clouds
539,Almunecar,ES,36.7339,-3.6907,55.69,69,95,10.31,overcast clouds
540,San Juan Bautista,PE,-14.0108,-75.7358,73.85,70,12,2.84,few clouds
541,Chavakkad,IN,10.5333,76.05,76.87,68,2,5.39,light rain
542,Pitimbu,BR,-7.4706,-34.8086,73.99,64,81,9.98,broken clouds
543,Moi,NO,58.4567,6.5518,40.39,99,100,1.45,overcast clouds
544,Nador,MA,35.174,-2.9287,53.85,76,40,4.61,scattered clouds
545,Saldanha,ZA,-33.0117,17.9442,62.65,95,100,15.68,overcast clouds
546,Kodinsk,RU,58.6881,99.1844,-3.14,100,100,1.01,overcast clouds
547,La Palma,US,33.8464,-118.0467,63.82,70,0,4.61,clear sky
548,Alice Springs,AU,-23.7,133.8833,92.75,40,18,12.66,few clouds
549,Svetla Nad Sazavou,CZ,49.668,15.4039,20.46,91,6,0.94,clear sky
550,Yasnyy,RU,51.0333,59.8742,-11.96,100,100,4.63,overcast clouds
551,Cururupu,BR,-1.8283,-44.8683,74.26,97,100,2.84,overcast clouds
552,Baghdad,IQ,33.3406,44.4009,51.71,76,100,4.61,mist
553,Sarkand,KZ,45.41,79.9186,25.41,76,100,4.45,overcast clouds
554,Lerwick,GB,60.1545,-1.1494,48.2,89,100,21.59,light rain
555,Fertorakos,HU,47.7202,16.6504,21.45,74,6,5.61,clear sky
556,Krasnyy Luch,UA,48.1395,38.9371,15.39,82,97,16.33,overcast clouds
557,Kropotkin,RU,45.4375,40.5756,24.55,90,100,17.87,light snow
558,Thinadhoo,MV,0.5333,72.9333,81.09,71,99,8.12,overcast clouds
559,Kangalassy,RU,62.3464,129.9628,-43.67,94,99,2.19,overcast clouds
560,Hobyo,SO,5.3505,48.5268,76.03,81,11,15.82,few clouds
561,Ormara,PK,25.2088,64.6357,72.43,36,20,4.5,few clouds
562,Nandigama,IN,16.7833,80.3,74.03,69,23,5.68,few clouds
563,Arkhipo-Osipovka,RU,44.37,38.52,29.19,84,100,36.08,light snow
564,Victor Harbor,AU,-35.5667,138.6167,83.68,77,0,1.01,clear sky
565,Kenai,US,60.5544,-151.2583,32.09,87,100,8.05,overcast clouds
566,Araouane,ML,18.9048,-3.5265,70.65,13,100,9.64,overcast clouds
567,Iskateley,RU,67.6803,53.1512,0.39,96,100,12.17,overcast clouds
568,Nieves,PH,15.3274,120.9485,90.91,52,30,7.0,scattered clouds
569,Itupiranga,BR,-5.1347,-49.3267,73.72,97,96,2.17,moderate rain
570,Sibolga,ID,1.7427,98.7792,81.55,67,98,2.01,overcast clouds
571,Chateaubelair,VC,13.2833,-61.25,75.65,76,100,14.34,overcast clouds
572,Novikovo,RU,51.1537,37.8879,12.65,95,41,8.55,scattered clouds
573,Duku,NG,11.2361,4.9073,77.85,17,100,6.08,overcast clouds
574,Vao,NC,-22.6667,167.4833,78.69,68,18,12.59,few clouds
575,Auki,SB,-8.7676,160.7034,85.93,67,94,8.52,overcast clouds
576,Nouakchott,MR,18.0858,-15.9785,62.53,37,52,14.83,broken clouds
577,Salto,UY,-31.3833,-57.9667,73.87,47,0,5.99,clear sky
578,Nemuro,JP,43.3236,145.575,24.84,74,86,6.04,overcast clouds
579,Matara,LK,5.9485,80.5353,77.38,86,100,4.23,overcast clouds
580,Opuwo,NA,-18.0607,13.84,64.15,47,54,3.22,broken clouds
581,Ahwa,IN,20.75,73.6833,67.82,41,11,2.15,few clouds
582,Dulovo,BG,43.8167,27.15,26.55,83,87,15.84,overcast clouds
583,Zhifang,CN,30.35,114.3167,53.58,70,94,6.4,overcast clouds
584,Zhangye,CN,38.9342,100.4517,31.75,29,0,12.64,clear sky
585,Bom Jesus,BR,-9.0744,-44.3586,75.87,68,75,1.81,broken clouds
586,Loncoche,CL,-39.3667,-72.6333,55.47,63,1,2.37,clear sky
587,Torbay,CA,47.6666,-52.7314,28.89,95,100,14.97,snow
588,Khawhai,IN,23.3667,93.1167,58.6,33,0,0.56,clear sky
589,Taonan,CN,45.3333,122.7833,19.18,48,0,5.1,clear sky
590,Ust-Omchug,RU,61.15,149.6333,-22.31,90,89,4.9,overcast clouds
591,Methoni,GR,36.8197,21.7049,43.21,64,100,8.03,overcast clouds
592,Panacan,PH,9.2463,118.4082,82.27,74,98,6.64,light rain
593,Aqtobe,KZ,50.2797,57.2072,-7.51,77,75,2.24,broken clouds
594,Lazdijai,LT,54.2333,23.5167,27.64,96,67,10.67,broken clouds
595,Enna,IT,37.5588,14.2892,35.22,71,100,1.99,overcast clouds
596,Ambovombe,MG,-25.1667,46.0833,71.83,90,100,6.22,overcast clouds
597,Puerto Leguizamo,CO,-0.1934,-74.7819,70.86,86,39,2.46,scattered clouds
598,Turukhansk,RU,65.8167,87.9833,-4.34,96,99,4.63,overcast clouds
599,Dunedin,NZ,-45.8742,170.5036,61.81,82,100,8.99,overcast clouds
600,Sarai,RU,53.7458,41.0213,8.87,97,80,5.73,broken clouds
601,Scarborough,GB,54.2797,-0.4044,38.34,79,100,3.0,overcast clouds
602,Matay,EG,28.419,30.7792,46.87,57,91,6.82,overcast clouds
603,Mineros,BO,-17.1167,-63.2333,72.07,94,80,5.14,broken clouds
604,Povorino,RU,51.1945,42.2457,2.21,90,25,8.32,scattered clouds
605,Abha,SA,18.2164,42.5053,49.82,87,0,0.0,clear sky
606,Jardim,BR,-21.4803,-56.1381,69.6,98,72,3.71,broken clouds
607,Lima,PE,-12.0432,-77.0282,76.89,74,0,12.66,clear sky
608,Nalut,LY,30.3333,10.85,47.44,60,100,11.7,overcast clouds
609,Damghan,IR,36.1683,54.348,38.05,42,20,2.89,few clouds
610,Formosa,AR,-26.1775,-58.1781,85.98,48,91,6.91,overcast clouds
611,Moerai,PF,-22.4333,-151.3333,79.59,73,89,9.71,overcast clouds
612,Chifeng,CN,42.2683,118.9636,25.18,35,99,3.65,overcast clouds
613,Ouadda,CF,8.0777,22.4007,68.72,17,1,4.23,clear sky
614,Sorland,NO,67.667,12.6934,46.26,85,100,46.22,light rain
615,Alappuzha,IN,9.49,76.3264,76.84,76,100,4.29,overcast clouds
616,Ketchikan,US,55.3422,-131.6461,39.18,87,75,4.61,broken clouds
617,Vostok,RU,46.4856,135.8833,10.53,79,100,7.74,overcast clouds
618,Ust-Barguzin,RU,53.45,108.9833,12.38,91,97,10.36,overcast clouds
619,Creel,MX,27.75,-107.6333,40.6,50,1,7.94,clear sky
620,Dubuque,US,42.4833,-90.8668,42.62,70,75,24.16,broken clouds
621,Paris,FR,48.8534,2.3488,36.14,87,0,11.5,clear sky
622,Magadan,RU,59.5667,150.8,-7.47,70,72,5.97,broken clouds
623,Semirara,PH,12.0697,121.3986,79.66,82,20,21.12,few clouds
624,Nantucket,US,41.2835,-70.0995,39.34,74,100,23.02,overcast clouds
625,Smoky Lake,CA,54.1169,-112.4686,38.12,56,98,6.91,overcast clouds
626,Ibra,OM,22.6906,58.5334,64.85,60,42,2.15,scattered clouds
627,Jacareacanga,BR,-6.2222,-57.7528,73.17,98,100,0.76,moderate rain
628,Muros,ES,42.7762,-9.0603,43.09,76,0,7.11,clear sky
629,Hastings,GB,50.8552,0.5729,38.52,82,0,7.76,clear sky
630,Lincoln,US,40.8,-96.667,41.29,80,40,13.8,scattered clouds
631,Nicoya,CR,10.1483,-85.452,75.18,75,0,11.72,clear sky
632,Husyatyn,UA,49.0726,26.2141,21.6,84,100,11.43,overcast clouds
633,Okhotsk,RU,59.3833,143.3,-7.17,76,99,12.71,overcast clouds
634,Las Vegas,US,36.175,-115.1372,55.18,29,40,10.36,scattered clouds
635,Zhuhai,CN,22.2769,113.5678,73.18,88,40,3.44,scattered clouds
636,Aklavik,CA,68.2191,-135.0107,-30.77,97,100,2.28,overcast clouds
637,Chor,PK,25.5167,69.7667,66.79,25,4,4.59,clear sky
638,Candelaria,PH,13.9311,121.4233,81.39,63,47,8.05,scattered clouds
639,San Jose,US,37.3394,-121.895,53.31,69,20,5.75,few clouds
640,Aloleng,PH,16.1307,119.7824,84.72,63,93,7.63,overcast clouds
641,Muisne,EC,0.6,-80.0333,76.95,86,84,4.05,broken clouds
642,Sisimiut,GL,66.9395,-53.6735,-4.04,93,100,6.73,overcast clouds
643,Lastoursville,GA,-0.8143,12.7287,73.18,88,84,1.95,broken clouds
644,Amboasary,MG,-25.0333,46.3833,72.95,89,100,4.76,overcast clouds
645,Mabaruma,GY,8.2,-59.7833,70.83,98,71,2.15,broken clouds
646,Artyom,AZ,40.4723,50.333,39.34,85,41,12.71,scattered clouds
647,Sumbe,AO,-11.2061,13.8437,76.23,82,99,7.52,overcast clouds
648,Antalaha,MG,-14.9003,50.2788,73.63,90,100,4.9,light rain
649,Aanekoski,FI,62.6946,25.818,29.68,100,99,8.7,overcast clouds
650,Paithan,IN,19.4833,75.3833,69.48,28,4,4.45,clear sky
651,Pombas,CV,17.1503,-25.0201,65.98,61,8,22.32,clear sky
652,Barabai,ID,-2.5833,115.3833,81.09,78,100,1.81,overcast clouds
653,Xai-Xai,MZ,-25.0519,33.6442,74.05,91,68,6.89,light rain
654,Sobolevo,RU,54.4299,31.8996,13.95,99,88,4.63,overcast clouds
655,Banepa,NP,27.6298,85.5214,50.32,76,20,0.0,mist
656,College,US,64.8569,-147.8028,3.47,81,75,3.44,broken clouds
657,Ambilobe,MG,-13.2,49.05,71.44,94,81,2.24,broken clouds
658,Smyrna,US,33.884,-84.5144,51.66,63,75,0.0,broken clouds
659,Tomioka,JP,36.25,138.9,56.68,35,71,2.59,broken clouds
660,Great Falls,US,47.5002,-111.3008,38.41,64,0,18.41,clear sky
661,Launceston,AU,-41.45,147.1667,78.62,30,2,10.36,clear sky
662,Platteville,US,42.7342,-90.4785,42.24,75,100,20.71,overcast clouds
663,Boa Vista,BR,2.8197,-60.6733,75.18,88,75,4.61,light rain
664,Ayia Paraskevi,GR,40.4833,23.05,34.02,53,20,12.66,few clouds
665,Concordia,AR,-31.393,-58.0209,73.78,47,0,5.99,clear sky
666,Pachino,IT,36.7186,15.0907,46.11,73,100,9.69,overcast clouds
667,La Rioja,ES,42.25,-2.5,20.98,83,3,3.33,clear sky
668,Filadelfia,US,39.9523,-75.1638,39.22,69,20,12.66,few clouds
669,Chicama,PE,-7.8447,-79.1469,72.14,73,73,4.76,broken clouds
670,Horconcitos,PA,8.4682,-81.8007,66.83,88,68,8.14,broken clouds
671,Sungaipenuh,ID,-2.0833,101.3833,77.52,55,42,4.92,scattered clouds
672,Inuvik,CA,68.3499,-133.7218,-31.94,68,40,4.61,scattered clouds
673,Fortuna,US,40.5982,-124.1573,45.99,92,75,0.0,broken clouds
674,Jiwani,PK,25.05,61.7417,70.47,45,13,2.55,few clouds
675,Beringovskiy,RU,63.05,179.3167,-13.77,91,100,8.34,overcast clouds
676,Brae,GB,60.3964,-1.353,44.35,92,100,17.85,moderate rain
677,Aktanysh,RU,55.7216,54.0829,2.55,98,94,4.18,overcast clouds
678,Glendive,US,47.1053,-104.7125,31.62,80,0,10.36,clear sky
679,Karasjok,NO,69.4719,25.5112,38.7,90,100,26.19,overcast clouds
680,Alta Gracia,AR,-31.6529,-64.4283,74.32,42,22,3.56,few clouds
681,Sicamous,CA,50.8331,-118.9856,38.37,95,100,3.47,overcast clouds
682,Caconda,AO,-13.7333,15.0667,58.03,80,98,4.36,overcast clouds
683,Botucatu,BR,-22.8858,-48.445,65.05,88,63,0.65,broken clouds
684,Mingguang,CN,32.7802,117.9638,46.02,81,100,7.05,overcast clouds
685,Moron,AR,-34.6534,-58.6198,79.99,75,56,10.2,broken clouds
686,Belyy Yar,RU,53.6039,91.3903,-7.71,92,100,4.47,mist
687,Araguaina,BR,-7.1911,-48.2072,73.27,90,82,2.33,broken clouds
688,Svetlogorsk,BY,52.6333,29.7333,24.26,98,96,3.76,overcast clouds
689,Richards Bay,ZA,-28.783,32.0377,71.42,94,2,3.31,clear sky
